airline_code,airline_id,source_airport_code,source_airport_id,destination_airport_code,destination_airport_id,codeshare,stops,equipment
2B,410,DME,4029,TGK,,,0,CR2
2B,410,TGK,,DME,4029,,0,CR2
2G,1654,IKT,2937,KCK,,,0,AN4
2G,1654,KCK,,IKT,2937,,0,AN4
2O,146,ADQ,3531,AOS,7167,,0,BNI
2O,146,ADQ,3531,KKB,7168,,0,BNI
2O,146,ADQ,3531,KOZ,7164,,0,BNI
2O,146,ADQ,3531,OLH,7163,,0,BNI
2O,146,AOS,7167,KZB,7176,,0,BNI
2O,146,KKB,7168,SYB,7173,,0,BNI
2O,146,KOZ,7164,ORI,7165,,0,BNI
2O,146,SYB,7173,KPR,7172,,0,BNI
3F,16262,CGA,7144,HYL,7145,,0,DHP
3F,16262,CGA,7144,KTN,3808,,0,DHP
3F,16262,HYL,7145,CGA,7144,,0,DHP
3F,16262,HYL,7145,KTB,7147,,0,DHP
3F,16262,HYL,7145,KTN,3808,,0,DHP
3F,16262,KTB,7147,HYL,7145,,0,DHP
3F,16262,KTB,7147,KTN,3808,,0,DHP
3F,16262,KTN,3808,CGA,7144,,0,DHP
3F,16262,KTN,3808,HYL,7145,,0,DHP
3F,16262,KTN,3808,KTB,7147,,0,DHP
3H,,AKV,5506,YIK,5504,,0,DH8
3H,,AKV,5506,YPX,6727,,0,DH8
3H,,XGR,5512,YVP,154,,0,DHT BET
3H,,YGL,62,YGW,5496,,0,DHT
3H,,YGL,62,YPX,6727,,0,73M
3H,,YGL,62,YUL,146,,0,73M
3H,,YGW,5496,YGL,62,,0,DHT
3H,,YGW,5496,YPH,5520,,0,BET
3H,,YGW,5496,YSK,5529,,0,DH8
3H,,YGW,5496,YUD,5515,,0,DH8
3H,,YGW,5496,YUL,146,,0,DH8
3H,,YGW,5496,YUY,149,,0,DH8
3H,,YIK,5504,AKV,5506,,0,DH8
3H,,YIK,5504,YZG,5535,,0,DH8
3H,,YKG,5481,YPJ,5508,,0,DHT DH8
3H,,YKG,5481,YQC,5499,,0,DH8
3H,,YKG,5481,YVP,154,,0,DH8 DHT
3H,,YKL,80,YQB,111,,0,DH8
3H,,YKL,80,YVP,154,,0,DH8 BET
3H,,YKL,80,YWK,161,,0,BET
3H,,YKL,80,YZV,202,,0,BET DH8
3H,,YPH,5520,YPX,6727,,0,DH8 BET
3H,,YPH,5520,YUD,5515,,0,DH8
3H,,YPH,5520,YVP,154,,0,BET
3H,,YPJ,5508,YKG,5481,,0,DHT DH8
3H,,YPJ,5508,YTQ,6728,,0,DHT DH8
3H,,YPJ,5508,YVP,154,,0,DHT
3H,,YPX,6727,AKV,5506,,0,DH8
3H,,YPX,6727,YGL,62,,0,73M
3H,,YPX,6727,YPH,5520,,0,DH8
3H,,YPX,6727,YVP,154,,0,BET
3H,,YQB,111,YKL,80,,0,DH8
3H,,YQB,111,YUL,146,,0,DH8
3H,,YQC,5499,YKG,5481,,0,DH8
3H,,YQC,5499,YWB,7253,,0,DH8
3H,,YSK,5529,YGW,5496,,0,DH8
3H,,YSK,5529,YUD,5515,,0,DH8
3H,,YTQ,6728,YPJ,5508,,0,DHT DH8
3H,,YTQ,6728,YVP,154,,0,DHT DH8
3H,,YUD,5515,YGW,5496,,0,DH8
3H,,YUD,5515,YPH,5520,,0,DH8
3H,,YUD,5515,YSK,5529,,0,DH8
3H,,YUL,146,YGL,62,,0,73M
3H,,YUL,146,YGW,5496,,0,DH8
3H,,YUL,146,YQB,111,,0,DH8
3H,,YUL,146,YUY,149,,0,DH8
3H,,YUY,149,YGW,5496,,0,DH8
3H,,YUY,149,YUL,146,,0,DH8
3H,,YVP,154,XGR,5512,,0,DHT BET
3H,,YVP,154,YGW,5496,,0,BET
3H,,YVP,154,YKG,5481,,0,DH8
3H,,YVP,154,YKL,80,,0,DH8 BET
3H,,YVP,154,YPH,5520,,0,BET
3H,,YVP,154,YPJ,5508,,0,DHT
3H,,YVP,154,YPX,6727,,0,BET
3H,,YVP,154,YTQ,6728,,0,DHT DH8
3H,,YWB,7253,YQC,5499,,0,DH8
3H,,YWB,7253,YZG,5535,,0,DH8
3H,,YWK,161,YKL,80,,0,BET
3H,,YWK,161,YZV,202,,0,BET
3H,,YZG,5535,YIK,5504,,0,DH8
3H,,YZG,5535,YWB,7253,,0,DH8
3H,,YZV,202,YKL,80,,0,BET DH8
3H,,YZV,202,YWK,161,,0,BET
3U,4608,NTG,5475,WUH,3376,,0,319
3U,4608,TVS,8858,TYN,3369,,0,319
3U,4608,TYN,3369,TVS,8858,,0,319
3U,4608,WUH,3376,NTG,5475,,0,319
4E,,MCG,5965,NIB,7214,,0,PAG
4E,,MCG,5965,TCT,7215,,0,PAG
4E,,NIB,7214,MCG,5965,,0,PAG
4E,,TCT,7215,TLJ,3423,,0,PAG
4E,,TLJ,3423,MCG,5965,,0,PAG
4O,17885,MEX,1824,PQM,,,0,SU9
4O,17885,PQM,,MEX,1824,,0,SU9
4W,,AKP,6712,FAI,3832,,0,PA2
4W,,BTT,3417,AKP,6712,,0,PA2
4W,,BTT,3417,CXF,7119,,0,PA2
4W,,CEM,7116,IRC,7236,,0,PA2
4W,,CIK,7105,FAI,3832,,0,PA2
4W,,CIK,7105,FYU,3420,,0,PA2
4W,,CXF,7119,AKP,6712,,0,PA2
4W,,FAI,3832,BTT,3417,,0,PA2
4W,,FAI,3832,CEM,7116,,0,PA2
4W,,FAI,3832,CIK,7105,,0,PA2
4W,,FAI,3832,FYU,3420,,0,PA2
4W,,FAI,3832,MLY,7246,,0,CN1
4W,,FAI,3832,RMP,7112,,0,CN1
4W,,FAI,3832,SVS,9741,,0,PA2
4W,,FAI,3832,TAL,7113,,0,PA2
4W,,FAI,3832,WBQ,7115,,0,PA2
4W,,FYU,3420,CIK,7105,,0,PA2
4W,,FYU,3420,FAI,3832,,0,PA2
4W,,IRC,7236,FAI,3832,,0,PA2
4W,,MLY,7246,MNT,7110,,0,CN1
4W,,MNT,7110,FAI,3832,,0,CN1
4W,,RMP,7112,FAI,3832,,0,CN1
4W,,SVS,9741,FAI,3832,,0,PA2
4W,,SVS,9741,WBQ,7115,,0,PA2
4W,,TAL,7113,FAI,3832,,0,PA2
4W,,WBQ,7115,FAI,3832,,0,PA2
4W,,WBQ,7115,SVS,9741,,0,PA2
4Y,1173,AKI,7217,TLT,7218,,0,CNA
4Y,1173,ATT,4385,KUK,7094,,0,CNA
4Y,1173,BET,3599,ATT,4385,,0,CNA
4Y,1173,BET,3599,GNU,8202,,0,CNA
4Y,1173,BET,3599,WTL,7099,,0,CNA
4Y,1173,GNU,8202,PTU,3430,,0,CNA
4Y,1173,KKI,9742,AKI,7217,,0,CNA
4Y,1173,KUK,7094,NUP,7212,,0,CNA
4Y,1173,KWT,7095,KKI,9742,,0,CNA
4Y,1173,MLL,7097,PQS,7216,,0,CNA
4Y,1173,NUP,7212,BET,3599,,0,CNA
4Y,1173,OOK,8200,TNK,8201,,0,CNA
4Y,1173,PQS,7216,BET,3599,,0,CNA
4Y,1173,TLT,7218,BET,3599,,0,CNA
4Y,1173,TNK,8201,WWT,8203,,0,CNA
4Y,1173,WTL,7099,KKH,7213,,0,CNA
4Y,1173,WWT,8203,BET,3599,,0,CNA
5U,,BZE,1957,FRS,4024,,0,CNA
5U,,FRS,4024,BZE,1957,,0,CNA
5U,,FRS,4024,GUA,1767,,0,EMB SF3
5U,,GUA,1767,FRS,4024,,0,SF3 EMB
5U,,GUA,1767,SAP,1772,,0,SF3
5U,,GUA,1767,TGU,1776,,0,SF3
5U,,RTB,1774,GUA,1767,,0,SF3
5U,,SAP,1772,GUA,1767,,0,SF3
5U,,TGU,1776,GUA,1767,,0,SF3
5Z,18946,CPT,797,PBZ,,,0,BEH
5Z,18946,ELL,8492,JNB,813,,0,BEH
5Z,18946,JNB,813,ELL,8492,,0,BEH
5Z,18946,PBZ,,CPT,797,,0,BEH
5Z,18946,PBZ,,JNB,813,,0,BEH
6E,2850,AMD,2994,HYD,,,0,320
6E,2850,BBI,3042,HYD,,,0,320
6E,2850,BLR,3131,HYD,,,0,320
6E,2850,BOM,2997,HYD,,,0,320
6E,2850,CCU,3043,HYD,,,0,320
6E,2850,COK,3136,HYD,,,0,320
6E,2850,DEL,3093,HYD,,,0,320
6E,2850,DXB,2188,HYD,,,0,320
6E,2850,GOI,3007,HYD,,,0,320
6E,2850,HYD,,AMD,2994,,0,320
6E,2850,HYD,,BBI,3042,,0,320
6E,2850,HYD,,BLR,3131,,0,320
6E,2850,HYD,,BOM,2997,,0,320
6E,2850,HYD,,CCU,3043,,0,320
6E,2850,HYD,,COK,3136,,0,320
6E,2850,HYD,,DEL,3093,,0,320
6E,2850,HYD,,DXB,2188,,0,320
6E,2850,HYD,,GOI,3007,,0,320
6E,2850,HYD,,JAI,3098,,0,320
6E,2850,HYD,,MAA,3144,,0,320
6E,2850,HYD,,PNQ,3017,,0,320
6E,2850,HYD,,RPR,3020,,0,320
6E,2850,HYD,,VTZ,3066,,0,320
6E,2850,JAI,3098,HYD,,,0,320
6E,2850,MAA,3144,HYD,,,0,320
6E,2850,PNQ,3017,HYD,,,0,320
6E,2850,RPR,3020,HYD,,,0,320
6E,2850,VTZ,3066,HYD,,,0,320
6L,,YEV,54,YHI,68,,0,DHT
6L,,YEV,54,YPC,4244,,0,DHT
6L,,YEV,54,YSY,139,,0,DHT
6L,,YEV,54,YUB,145,,0,DHT
6L,,YEV,54,ZFM,206,,0,DHT
6L,,YHI,68,YEV,54,,0,DHT
6L,,YHI,68,YSY,139,,0,DHT
6L,,YPC,4244,YEV,54,,0,DHT
6L,,YSY,139,YEV,54,,0,DHT
6L,,YSY,139,YHI,68,,0,DHT
6L,,YUB,145,YEV,54,,0,DHT
6L,,ZFM,206,YEV,54,,0,DHT
7H,16726,AKI,7217,KKI,9742,Y,0,CNA
7H,16726,AKI,7217,TLT,7218,Y,0,CNA
7H,16726,ANV,6713,KGX,7219,Y,0,CNC
7H,16726,ATT,4385,BET,3599,Y,0,CNA
7H,16726,AUK,7199,SXP,7200,Y,0,CNA
7H,16726,BET,3599,PQS,7216,Y,0,CNA
7H,16726,BET,3599,TLT,7218,Y,0,CNA
7H,16726,BET,3599,WTL,7099,Y,0,CNA
7H,16726,CHU,7091,CKD,7238,Y,0,CNA
7H,16726,CKD,7238,RDV,7239,Y,0,CNA
7H,16726,CKD,7238,SLQ,7240,Y,0,CNA
7H,16726,KGX,7219,ANV,6713,Y,0,CNC
7H,16726,KGX,7219,SHX,7090,Y,0,CNC
7H,16726,KKI,9742,AKI,7217,Y,0,CNA
7H,16726,KKI,9742,KWT,7095,Y,0,CNA
7H,16726,KOT,7207,WBB,7193,Y,0,CNC
7H,16726,KSM,6718,SXP,7200,Y,0,CNA
7H,16726,KUK,7094,NUP,7212,Y,0,CNA
7H,16726,KWT,7095,KKI,9742,Y,0,CNA
7H,16726,MOU,5966,PQS,7216,Y,0,CNA
7H,16726,NME,8199,TNK,8201,Y,0,CNC CNA
7H,16726,NUP,7212,ATT,4385,Y,0,CNA
7H,16726,OME,3615,WBB,7193,Y,0,CNC
7H,16726,OOK,8200,TNK,8201,Y,0,CNA
7H,16726,OTZ,3693,PHO,6721,Y,0,CNC
7H,16726,PHO,6721,OTZ,3693,Y,0,CNC
7H,16726,PHO,6721,PIZ,3414,Y,0,BE1
7H,16726,PIZ,3414,PHO,6721,Y,0,BE1
7H,16726,PQS,7216,BET,3599,Y,0,CNA
7H,16726,PQS,7216,MOU,5966,Y,0,CNA
7H,16726,RDV,7239,SLQ,7240,Y,0,CNA
7H,16726,SHX,7090,KGX,7219,Y,0,CNC
7H,16726,SLQ,7240,SRV,7241,Y,0,CNA
7H,16726,SMK,7191,WBB,7193,Y,0,CNA CNC
7H,16726,SRV,7241,ANI,5967,Y,0,CNA
7H,16726,SXP,7200,AUK,7199,Y,0,CNA
7H,16726,SXP,7200,KSM,6718,Y,0,CNA
7H,16726,TLT,7218,AKI,7217,Y,0,CNA
7H,16726,TLT,7218,BET,3599,Y,0,CNA
7H,16726,TNK,8201,WWT,8203,Y,0,CNC CNA
7H,16726,WBB,7193,KOT,7207,Y,0,CNC
7H,16726,WBB,7193,OME,3615,Y,0,CNC
7H,16726,WBB,7193,SMK,7191,Y,0,CNC
7H,16726,WBB,7193,UNK,7088,Y,0,CNA
7H,16726,WTL,7099,BET,3599,Y,0,CNA
7H,16726,WWT,8203,BET,3599,Y,0,CNA CNC
7P,1500,ACU,8204,PAC,1869,,0,DHT
7P,1500,BFQ,5955,JQE,5840,,0,DHT
7P,1500,GHE,8206,PAC,1869,,0,BNI
7P,1500,MPP,8207,PAC,1869,,0,DHT
7P,1500,OGM,,MPP,8207,,0,DHT
7P,1500,OTD,5957,SIC,6783,,0,DHT
7P,1500,PAC,1869,BFQ,5955,,0,DHT
7P,1500,PAC,1869,OGM,,,0,DHT
7P,1500,PAC,1869,OTD,5957,,0,DHT
7P,1500,PAC,1869,PVE,7901,,0,DHT
7P,1500,PAC,1869,PYC,7895,,0,DHT
7P,1500,PAC,1869,SAX,5958,,0,BNI
7P,1500,PVE,7901,CZJ,9758,,0,DHT
7P,1500,PYC,7895,ACU,8204,,0,DHT
7P,1500,SAX,5958,GHE,8206,,0,BNI
7S,,ANI,5967,HCR,5962,,0,CNA
7S,,ANI,5967,KLG,5964,,0,CNA
7S,,ANV,6713,KGX,7219,,0,CNA
7S,,HCR,5962,ANV,6713,,0,CNA
7S,,KGX,7219,SHX,7090,,0,CNA
7S,,KLG,5964,RSH,7098,,0,CNA
7S,,RSH,7098,ANI,5967,,0,
7S,,SHX,7090,ANI,5967,,0,
8D,1109,ADQ,3531,KOZ,7164,,0,CNA
8D,1109,ADQ,3531,OLH,7163,,0,CNA
8D,1109,ADQ,3531,ORI,7165,,0,CNA
8D,1109,KOZ,7164,ADQ,3531,,0,CNA
8D,1109,OLH,7163,ADQ,3531,,0,CNA
8D,1109,ORI,7165,ADQ,3531,,0,CNA
8E,1472,KVL,6719,PHO,6721,,0,CNC
8E,1472,OME,3615,WBB,7193,,0,BE1
8E,1472,OTZ,3693,PHO,6721,,0,CNC
8E,1472,PHO,6721,LUR,3413,,0,CNC
8E,1472,PHO,6721,OTZ,3693,,0,CNC
8E,1472,SMK,7191,WBB,7193,,0,CNC PA2
8E,1472,WBB,7193,OME,3615,,0,PA2
8E,1472,WBB,7193,SMK,7191,,0,BE1
8E,1472,WBB,7193,UNK,7088,,0,CNC
8P,3856,YKT,9747,ZEL,7275,,0,DHP
8P,3856,ZEL,7275,YKT,9747,,0,DHP
8U,32,BEN,1154,MRA,5804,,0,320
8U,32,IST,1701,MRA,5804,,0,320
8U,32,MRA,5804,BEN,1154,,0,320
8U,32,MRA,5804,IST,1701,,0,320
8U,32,MRA,5804,SFA,295,,0,320 319
8U,32,MRA,5804,TUN,287,,0,319 320
8U,32,SFA,295,MRA,5804,,0,319
8U,32,TUN,287,MRA,5804,,0,319 320
8V,55,FAI,3832,KBC,7118,,0,CNC
8V,55,FAI,3832,LMA,,,0,PAG
8V,55,FAI,3832,TAL,7113,,0,CNC
8V,55,HSL,7108,TAL,7113,,0,CNC
8V,55,HUS,7107,TAL,7113,,0,CNC
8V,55,KBC,7118,FYU,3420,,0,CNC
8V,55,LMA,,FAI,3832,,0,PAG
8V,55,RBY,6722,TAL,7113,,0,CNC
8V,55,TAL,7113,FAI,3832,,0,CNC
8V,55,TAL,7113,HSL,7108,,0,CNC
8V,55,TAL,7113,RBY,6722,,0,CNC
9D,,JED,2072,NDJ,999,,0,737 747
9M,,YBL,30,YQQ,119,,0,BEH
9M,,YBL,30,YVR,156,,0,BEH
9M,,YDQ,48,YVR,156,,0,DH1
9M,,YDQ,48,YYE,180,,0,DH1
9M,,YEG,49,YOJ,99,,0,BEH
9M,,YEG,49,YOP,7266,,0,BEH
9M,,YEG,49,YXJ,168,,0,D38 DH3
9M,,YEG,49,YYC,178,,0,BEH D38 DH3
9M,,YKA,78,YVR,156,,0,BEH
9M,,YKA,78,YXS,172,,0,BEH
9M,,YLL,85,YYC,178,,0,BEH
9M,,YLW,87,YXS,172,,0,BEH
9M,,YOJ,99,YEG,49,,0,BEH
9M,,YOJ,99,YOP,7266,,0,BEH
9M,,YOP,7266,YEG,49,,0,BEH
9M,,YOP,7266,YOJ,99,,0,BEH
9M,,YQQ,119,YBL,30,,0,BEH
9M,,YQQ,119,YVR,156,,0,BEH
9M,,YQZ,127,YVR,156,,0,BEH
9M,,YQZ,127,YWL,162,,0,BEH
9M,,YVR,156,YBL,30,,0,BEH
9M,,YVR,156,YDQ,48,,0,DH1
9M,,YVR,156,YKA,78,,0,BEH
9M,,YVR,156,YQQ,119,,0,BEH
9M,,YVR,156,YQZ,127,,0,BEH
9M,,YVR,156,YWL,162,,0,BEH
9M,,YWL,162,YQZ,127,,0,BEH
9M,,YWL,162,YVR,156,,0,BEH
9M,,YXJ,168,YEG,49,,0,D38 DH3
9M,,YXJ,168,YXS,172,,0,BEH
9M,,YXJ,168,YYE,180,,0,D38 BEH DH3
9M,,YXS,172,YKA,78,,0,BEH
9M,,YXS,172,YLW,87,,0,BEH
9M,,YXS,172,YXJ,168,,0,BEH
9M,,YXS,172,YXT,173,,0,DH3
9M,,YXS,172,YYC,178,,0,DH3
9M,,YXS,172,YYD,179,,0,BEH
9M,,YXS,172,YYE,180,,0,BEH
9M,,YXT,173,YXS,172,,0,DH3
9M,,YYC,178,YEG,49,,0,D38 BEH DH3
9M,,YYC,178,YLL,85,,0,BEH D38
9M,,YYC,178,YXS,172,,0,DH3
9M,,YYD,179,YXS,172,,0,BEH
9M,,YYE,180,YDQ,48,,0,DH1
9M,,YYE,180,YXJ,168,,0,D38 BEH DH3
9M,,YYE,180,YXS,172,,0,BEH
9N,19810,BCV,8227,CUK,5454,,0,CNC
9N,19810,BCV,8227,SQS,,,0,CNC
9N,19810,BCV,8227,TZA,6463,,0,CNC
9N,19810,BZE,1957,CUK,5454,,0,CNC
9N,19810,BZE,1957,DGA,7287,,0,CNC
9N,19810,BZE,1957,PLJ,7288,,0,CNC
9N,19810,BZE,1957,SQS,,,0,CNC
9N,19810,BZE,1957,TZA,6463,,0,CNC
9N,19810,CUK,5454,BCV,8227,,0,CNC
9N,19810,CUK,5454,BZE,1957,,0,CNC
9N,19810,CUK,5454,SPR,4279,,0,CNC
9N,19810,CUK,5454,TZA,6463,,0,CNC
9N,19810,CZH,7029,SPR,4279,,0,CNC
9N,19810,DGA,7287,BZE,1957,,0,CNC
9N,19810,DGA,7287,PLJ,7288,,0,CNC
9N,19810,DGA,7287,TZA,6463,,0,CNC
9N,19810,PLJ,7288,BZE,1957,,0,CNC
9N,19810,PLJ,7288,DGA,7287,,0,CNC
9N,19810,PLJ,7288,PND,5455,,0,CNC
9N,19810,PND,5455,PLJ,7288,,0,CNC
9N,19810,SPR,4279,CUK,5454,,0,CNC
9N,19810,SPR,4279,CZH,7029,,0,CNC
9N,19810,SPR,4279,SQS,,,0,CNC
9N,19810,SPR,4279,TZA,6463,,0,CNC
9N,19810,SQS,,BCV,8227,,0,CNC
9N,19810,SQS,,BZE,1957,,0,CNC
9N,19810,SQS,,SPR,4279,,0,CNC
9N,19810,SQS,,TZA,6463,,0,CNC
9N,19810,TZA,6463,BCV,8227,,0,CNC
9N,19810,TZA,6463,BZE,1957,,0,CNC
9N,19810,TZA,6463,CUK,5454,,0,CNC
9N,19810,TZA,6463,DGA,7287,,0,CNC
9N,19810,TZA,6463,SPR,4279,,0,CNC
9N,19810,TZA,6463,SQS,,,0,CNC
9R,4691,ACR,6740,LCR,7356,,0,BE1
9R,4691,LCR,7356,ACR,6740,,0,BE1
9R,4691,LCR,7356,LET,2728,,0,BE1
9R,4691,LET,2728,LCR,7356,,0,BE1
9R,4691,LET,2728,TCD,5477,,0,BE1
9R,4691,LMC,7358,VVC,2756,,0,BE1
9R,4691,TCD,5477,LET,2728,,0,BE1
9R,4691,VVC,2756,LMC,7358,,0,BE1
9W,3000,AUH,2179,HYD,,,0,73H
9W,3000,BLR,3131,HYD,,Y,0,AT7
9W,3000,BOM,2997,HYD,,,0,738 73H
9W,3000,DEL,3093,HYD,,Y,0,73W 738
9W,3000,HYD,,AUH,2179,,0,73H
9W,3000,HYD,,BLR,3131,Y,0,AT7
9W,3000,HYD,,BOM,2997,,0,738 73H
9W,3000,HYD,,DEL,3093,Y,0,738 73W
9W,3000,HYD,,KUL,3304,Y,0,738
9W,3000,HYD,,MAA,3144,Y,0,738 AT7
9W,3000,HYD,,PNQ,3017,Y,0,AT7
9W,3000,HYD,,RJA,3148,Y,0,AT7
9W,3000,KUL,3304,HYD,,Y,0,738
9W,3000,MAA,3144,HYD,,Y,0,738
9W,3000,PNQ,3017,HYD,,Y,0,AT7
9W,3000,RJA,3148,HYD,,Y,0,AT7
A4,4550,ORU,,CBB,2759,,0,SWM
A4,4550,ORU,,SRZ,4247,,0,SWM
A4,4550,SRZ,4247,ORU,,,0,SWM
A5,1203,LYS,1335,MLH,,,0,AT5
A5,1203,MLH,,LYS,1335,,0,AT5
A8,1392,EBB,1187,KSE,,,0,CNA
A8,1392,KSE,,EBB,1187,,0,CNA
AA,24,HYD,,LHR,507,Y,0,767
AA,24,LHR,507,HYD,,Y,0,767
AD,13983,FOR,2559,PHB,,,0,AT7
AD,13983,PHB,,FOR,2559,,0,AT7
AD,13983,PHB,,THE,2623,,0,AT7
AD,13983,THE,2623,PHB,,,0,AT7
AF,137,MLH,,ORY,1386,,0,AT7
AF,137,ORY,1386,MLH,,,0,AT7
AH,794,ALG,210,EBH,,,0,ATR
AH,794,ALG,210,MZW,,,0,ATR
AH,794,CFK,,MRS,1353,,0,736
AH,794,CZL,221,MLH,,,0,736
AH,794,EBH,,ALG,210,,0,ATR
AH,794,MLH,,CZL,221,,0,736
AH,794,MRS,1353,CFK,,,0,736
AH,794,MZW,,ALG,210,,0,ATR
AI,218,AMD,2994,HYD,,,0,320
AI,218,BLR,3131,HYD,,,0,319
AI,218,BOM,2997,HYD,,,0,319 744
AI,218,CCU,3043,HYD,,,0,319
AI,218,DEL,3093,HYD,,,0,320 321 319 77W
AI,218,HYD,,AMD,2994,,0,320
AI,218,HYD,,BLR,3131,,0,319
AI,218,HYD,,BOM,2997,,0,319 744
AI,218,HYD,,CCU,3043,,0,319
AI,218,HYD,,DEL,3093,,0,321 320 319 77W
AI,218,HYD,,JED,2072,,0,744
AI,218,HYD,,MAA,3144,,0,320
AI,218,HYD,,MCT,2194,,0,319
AI,218,HYD,,PNQ,3017,,0,319
AI,218,HYD,,SHJ,2191,,0,321
AI,218,HYD,,TIR,3151,,0,321
AI,218,HYD,,VGA,3134,,0,319
AI,218,HYD,,VTZ,3066,,0,321
AI,218,JED,2072,HYD,,,0,744
AI,218,MAA,3144,HYD,,,0,320
AI,218,MCT,2194,HYD,,,0,319
AI,218,PNQ,3017,HYD,,,0,319
AI,218,SHJ,2191,HYD,,,0,321
AI,218,TIR,3151,HYD,,,0,321
AI,218,VGA,3134,HYD,,,0,319
AI,218,VTZ,3066,HYD,,,0,321
AT,4248,CMN,1074,GLN,9823,,0,AT7
AT,4248,GLN,9823,TTA,1065,,0,AT7
B9,543,GSM,5712,MHD,4331,,0,M82
B9,543,MHD,4331,GSM,5712,,0,M82
BA,1355,HYD,,LHR,507,,0,767
BA,1355,LHR,507,HYD,,,0,767
BB,4335,SPB,7309,SSB,7310,,0,DHT
BB,4335,SSB,7310,SPB,7309,,0,DHT
BJ,3740,DJE,293,MLH,,,0,321
CA,751,CAN,3370,NTG,5475,,0,320
CA,751,DLC,3404,NTG,5475,Y,0,738
CA,751,JGS,6428,PEK,3364,,0,738
CA,751,NTG,5475,CAN,3370,,0,320
CA,751,NTG,5475,DLC,3404,Y,0,738
CA,751,NTG,5475,PEK,3364,,0,738
CA,751,NTG,5475,SHE,4144,Y,0,738
CA,751,NTG,5475,SZX,3374,Y,0,738
CA,751,NTG,5475,TSN,3368,,0,320
CA,751,NTG,5475,XMN,3383,Y,0,738
CA,751,PEK,3364,JGS,6428,,0,738
CA,751,PEK,3364,NTG,5475,,0,738
CA,751,SHE,4144,NTG,5475,Y,0,738
CA,751,SZX,3374,NTG,5475,Y,0,738
CA,751,TSN,3368,NTG,5475,,0,320
CA,751,XMN,3383,NTG,5475,Y,0,738
CG,1308,GUR,5422,LSA,5980,,0,DH8
CG,1308,LNV,5979,POM,5,,0,DH8
CG,1308,LSA,5980,GUR,5422,,0,DH8
CG,1308,PNP,5423,TFI,5984,,0,DH8
CG,1308,POM,5,BUL,,,0,DH8
CG,1308,POM,5,LNV,5979,,0,DH8
CG,1308,POM,5,TFI,5984,,0,DH8
CG,1308,RAB,5435,LNV,5979,,0,DH8
CG,1308,TFI,5984,PNP,5423,,0,DH8
CI,1756,FSZ,6476,TPE,2276,,0,333 738
CI,1756,TPE,2276,FSZ,6476,,0,333 738
CX,1680,HKG,3077,HYD,,,0,333
CX,1680,HYD,,HKG,3077,,0,333
CZ,1767,CAN,3370,JGS,6428,,0,319
CZ,1767,CAN,3370,LLB,,,0,319
CZ,1767,JGS,6428,CAN,3370,,0,319
CZ,1767,KMG,3382,WNH,7528,,0,737
CZ,1767,LLB,,CAN,3370,,0,319
CZ,1767,NTG,5475,CAN,3370,,0,738
CZ,1767,WNH,7528,KMG,3382,,0,737
CZ,1767,YNZ,6393,NTG,5475,,0,738
DV,4840,SZI,9841,UKK,6086,,0,AN4
DV,4840,UKK,6086,SZI,9841,,0,AN4
EB,,CUN,1852,MAD,1229,,0,744
EB,,MAD,1229,BCN,1218,,0,744
EB,,MAD,1229,CUN,1852,,0,744
EB,,MAD,1229,PUJ,1760,,0,744
EB,,PUJ,1760,MAD,1229,,0,744
EG,2989,DME,4029,KQT,,,0,320
EG,2989,KQT,,CIT,2914,,0,320
EG,2989,KQT,,DMB,2911,,0,320
EG,2989,KQT,,OVB,4078,,0,320
EG,2989,KQT,,REN,2991,,0,320
EG,2989,LED,2948,KQT,,,0,320
EG,2989,OVB,4078,KQT,,,0,320
EG,2989,REN,2991,KQT,,,0,320
EG,2989,SVX,2975,KQT,,,0,320
EK,2183,DXB,2188,HYD,,,0,772 332
EK,2183,HYD,,DXB,2188,,0,332 772
EP,2923,DEF,,THR,2131,,0,AT7 100
EP,2923,DXB,2188,LFM,,,0,AT7
EP,2923,GCH,,THR,2131,,0,AT7
EP,2923,GSM,5712,SYZ,2157,,0,AT7
EP,2923,KHY,,THR,2131,,0,AT7
EP,2923,KWI,2176,LFM,,,0,AT7
EP,2923,LFM,,DXB,2188,,0,AT7
EP,2923,LFM,,KWI,2176,,0,AT7
EP,2923,LFM,,SYZ,2157,,0,AT7
EP,2923,SYZ,2157,GSM,5712,,0,AT7
EP,2923,SYZ,2157,LFM,,,0,AT7
EP,2923,THR,2131,DEF,,,0,AT7 100
EP,2923,THR,2131,GCH,,,0,AT7
EP,2923,THR,2131,KHY,,,0,AT7
EQ,4863,LGQ,6750,UIO,2688,,0,E70 E90
EQ,4863,UIO,2688,LGQ,6750,,0,E70 E90
ET,2220,ADD,1107,SZE,9827,,0,DH8
ET,2220,MQX,1118,SHC,5601,,0,DH8
ET,2220,MQX,1118,SZE,9827,,0,DH8
ET,2220,SHC,5601,MQX,1118,,0,DH8
ET,2220,SZE,9827,ADD,1107,,0,DH8
ET,2220,SZE,9827,MQX,1118,,0,DH8
EU,2193,CTU,3395,JGS,6428,,0,319
EU,2193,JGS,6428,CTU,3395,,0,319
EU,2193,JGS,6428,XMN,3383,,0,319
EU,2193,XMN,3383,JGS,6428,,0,319
EY,2222,AUH,2179,HYD,,,0,737 320
EY,2222,HYD,,AUH,2179,,0,320 737
F9,2468,IGM,6132,PGA,4124,Y,0,BE1
F9,2468,LAX,3484,IGM,6132,Y,0,BE1
FM,4609,JGS,6428,SHA,3391,,0,738
FM,4609,PVG,3406,TVS,8858,,0,738
FM,4609,SHA,3391,JGS,6428,,0,738
FM,4609,TVS,8858,PVG,3406,,0,738
FZ,14485,DXB,2188,HYD,,,0,73H
FZ,14485,HYD,,DXB,2188,,0,73H
G5,15837,DLC,3404,TVS,8858,,0,CR9
G5,15837,SJW,6347,TVS,8858,,0,CR9
G5,15837,TVS,8858,DLC,3404,,0,CR9
G5,15837,TVS,8858,SJW,6347,,0,CR9
G9,329,HYD,,SHJ,2191,,0,320
G9,329,SHJ,2191,HYD,,,0,320
GL,921,AGM,7642,IOQ,,,0,BH2
GL,921,AGM,7642,KUS,4248,,0,BH2
GL,921,AGM,7642,KUZ,,,0,BH2
GL,921,AGM,7642,SGG,,,0,BH2
GL,921,AGM,7642,TQI,,,0,BH2
GL,921,AOQ,,JUV,5448,,0,BH2
GL,921,CNP,5439,KUS,4248,,0,DH8
GL,921,GOH,8,KUS,4248,,0,DH8
GL,921,IKE,,SAE,,,0,BH2
GL,921,IKE,,UMD,8628,,0,BH2
GL,921,IOQ,,AGM,7642,,0,BH2
GL,921,IOT,,JUU,,,0,BH2
GL,921,IOT,,UMD,8628,,0,BH2
GL,921,IUI,,JUV,5448,,0,BH2
GL,921,IUI,,TQA,,,0,BH2
GL,921,JJU,5442,QFG,,,0,BH2
GL,921,JJU,5442,QJH,,,0,BH2
GL,921,JJU,5442,QUW,,,0,BH2
GL,921,JNN,5444,QUW,,,0,BH2
GL,921,JNN,5444,XEQ,,,0,BH2
GL,921,JNS,5445,QFX,,,0,BH2
GL,921,JUK,,UMD,8628,,0,BH2
GL,921,JUU,,IOT,,,0,BH2
GL,921,JUU,,UMD,8628,,0,BH2
GL,921,JUV,5448,AOQ,,,0,BH2
GL,921,JUV,5448,IUI,,,0,BH2
GL,921,JUV,5448,KGQ,,,0,BH2
GL,921,JUV,5448,KHQ,,,0,BH2
GL,921,JUV,5448,NSQ,,,0,BH2
GL,921,JUV,5448,TQA,,,0,BH2
GL,921,JUV,5448,UPK,,,0,BH2
GL,921,KGQ,,JUV,5448,,0,BH2
GL,921,KGQ,,UPK,,,0,BH2
GL,921,KHQ,,JUV,5448,,0,BH2
GL,921,KHQ,,NSQ,,,0,BH2
GL,921,KUS,4248,AGM,7642,,0,BH2
GL,921,KUS,4248,CNP,5439,,0,DH8
GL,921,KUS,4248,GOH,8,,0,DH8
GL,921,KUS,4248,SFJ,9,,0,DH8
GL,921,KUZ,,AGM,7642,,0,BH2
GL,921,NAQ,5446,SRK,,,0,BH2
GL,921,NIQ,,UMD,8628,,0,BH2
GL,921,NSQ,,JUV,5448,,0,BH2
GL,921,NSQ,,KHQ,,,0,BH2
GL,921,QFG,,QOQ,,,0,BH2
GL,921,QFN,,JNN,5444,,0,BH2
GL,921,QJH,,JJU,5442,,0,BH2
GL,921,QOQ,,JJU,5442,,0,BH2
GL,921,QUV,,QFN,,,0,BH2
GL,921,QUW,,JJU,5442,,0,BH2
GL,921,QUW,,JNN,5444,,0,BH2
GL,921,SAE,,IKE,,,0,BH2
GL,921,SAE,,UMD,8628,,0,BH2
GL,921,SFJ,9,KUS,4248,,0,DH8
GL,921,SGG,,AGM,7642,,0,BH2
GL,921,SRK,,NAQ,5446,,0,BH2
GL,921,SVR,,THU,10,,0,BH2
GL,921,THU,10,SVR,,,0,BH2
GL,921,TQA,,IUI,,,0,BH2
GL,921,TQA,,JUV,5448,,0,BH2
GL,921,TQI,,AGM,7642,,0,BH2
GL,921,UMD,8628,IKE,,,0,BH2
GL,921,UMD,8628,IOT,,,0,BH2
GL,921,UMD,8628,JUK,,,0,BH2
GL,921,UMD,8628,JUU,,,0,BH2
GL,921,UMD,8628,NIQ,,,0,BH2
GL,921,UMD,8628,SAE,,,0,BH2
GL,921,UPK,,JUV,5448,,0,BH2
GL,921,UPK,,KGQ,,,0,BH2
GL,921,XEQ,,QUV,,,0,BH2
GV,386,AKN,3794,KCG,9745,,0,BEC
GV,386,AKN,3794,KLL,7102,,0,BEC
GV,386,KCG,9745,KCL,7155,,0,BEC
GV,386,KCL,7155,KCQ,7153,,0,BEC
GV,386,KCQ,7153,KPV,7157,,0,BEC
GV,386,KLL,7102,IGG,6763,,0,BEC
GV,386,PIP,7158,UGB,,,0,BEC
GV,386,UGB,,PTH,6766,,0,BEC
HI,16625,BLD,6449,GCW,6448,,0,BH2
HI,16625,GCW,6448,BLD,6449,,0,BH2
HS,,BLE,739,GOT,687,,0,J32
HS,,BLE,739,ORB,731,,0,J32
HS,,GEV,715,KRN,724,,0,J32
HS,,GEV,715,LLA,734,,0,J32
HS,,GOT,687,BLE,739,,0,J32
HS,,GOT,687,SDL,721,,0,F50
HS,,KRN,724,GEV,715,,0,J32
HS,,LLA,734,GEV,715,,0,J32
HS,,LLA,734,SDL,721,,0,J32
HS,,LLA,734,UME,728,,0,J32
HS,,MMX,708,ORB,731,,0,J32
HS,,ORB,731,BLE,739,,0,J32
HS,,ORB,731,MMX,708,,0,J32
HS,,OSD,5593,UME,728,,0,J32
HS,,SDL,721,GOT,687,,0,F50
HS,,SDL,721,LLA,734,,0,J32
HS,,UME,728,LLA,734,,0,J32
HS,,UME,728,OSD,5593,,0,J32
HU,2660,CAN,3370,TVS,8858,,0,738
HU,2660,TVS,8858,CAN,3370,,0,738
HZ,4808,BVV,7478,UUS,2933,,0,DH8
HZ,4808,EKS,,UUS,2933,,0,DH8
HZ,4808,OHH,7479,UUS,2933,,0,DH8
HZ,4808,UUS,2933,BVV,7478,,0,DH8
HZ,4808,UUS,2933,EKS,,,0,DH8
HZ,4808,UUS,2933,OHH,7479,,0,DH8
IE,4797,BNY,6919,HIR,4074,,0,DHT
IE,4797,BNY,6919,RNL,5414,,0,DHT
IE,4797,HIR,4074,BNY,6919,,0,DHT
IE,4797,HIR,4074,JJA,,,0,BNI
IE,4797,JJA,,HIR,4074,,0,BNI
IE,4797,RNL,5414,BNY,6919,,0,DHT
IL,10121,DOB,,LUV,6212,,0,AT4
IL,10121,LUV,6212,DOB,,,0,AT4
IR,2922,GSM,5712,MHD,4331,,0,M82
IR,2922,GSM,5712,THR,2131,,0,100 320
IR,2922,MHD,4331,GSM,5712,,0,M82
IR,2922,THR,2131,GSM,5712,,0,100 320
J5,10912,AGN,7135,TKE,7137,,0,DHP
J5,10912,JNU,3492,PEC,7138,,0,DHP
J5,10912,PEC,7138,ELV,7136,,0,DHP
J5,10912,TKE,7137,JNU,3492,,0,DHP
JH,13200,CTS,2287,FSZ,6476,,0,E70
JH,13200,FSZ,6476,CTS,2287,,0,E70
JH,13200,FSZ,6476,FUK,2305,,0,E70
JH,13200,FSZ,6476,KOJ,2307,,0,E70
JH,13200,FUK,2305,FSZ,6476,,0,E70
JH,13200,KOJ,2307,FSZ,6476,,0,E70
JJ,4867,RIG,2611,PET,2603,Y,0,L4T
JL,2987,FSZ,6476,PVG,3406,Y,0,738
JL,2987,PVG,3406,FSZ,6476,Y,0,738
JT,3290,BDJ,3908,KBU,6231,Y,0,ATR
JT,3290,KBU,6231,BDJ,3908,Y,0,ATR
JT,3290,KBU,6231,UPG,3240,Y,0,ATR
JT,3290,MJU,9181,UPG,3240,Y,0,ATR
JT,3290,PUM,8735,UPG,3240,Y,0,ATR
JT,3290,UPG,3240,KBU,6231,Y,0,ATR
JT,3290,UPG,3240,MJU,9181,Y,0,ATR
JT,3290,UPG,3240,PUM,8735,Y,0,ATR
K3,20963,CGA,7144,KLW,7205,,0,DHP
K3,20963,EDA,,KTN,3808,,0,DHP
K3,20963,KCC,7237,EDA,,,0,DHP
K3,20963,KCC,7237,WWP,7152,,0,DHP
K3,20963,KPB,7150,PPV,7151,,0,DHP
K3,20963,KTB,7147,CGA,7144,,0,DHP
K3,20963,KTN,3808,KCC,7237,,0,DHP
K3,20963,KTN,3808,KPB,7150,,0,DHP
K3,20963,KTN,3808,KTB,7147,,0,DHP
K3,20963,NKI,,EDA,,,0,DHP
K3,20963,PPV,7151,KTN,3808,,0,DHP
K3,20963,WWP,7152,NKI,,,0,DHP
KY,13704,CKG,3393,NTG,5475,,0,73G
KY,13704,NTG,5475,CKG,3393,,0,73G
LC,5354,BZV,883,OLL,,,0,737
LC,5354,OLL,,BZV,883,,0,737
LN,3258,BEN,1154,MRA,5804,,0,320 CR9
LN,3258,CAI,1128,MRA,5804,,0,320
LN,3258,HBE,3410,MRA,5804,,0,320
LN,3258,MRA,5804,BEN,1154,,0,320 CR9
LN,3258,MRA,5804,CAI,1128,,0,320
LN,3258,MRA,5804,HBE,3410,,0,320
LN,3258,MRA,5804,SFA,295,,0,CR9 320
LN,3258,MRA,5804,TUN,287,,0,320
LN,3258,QUB,5805,TIP,1157,,0,CR9
LN,3258,SFA,295,MRA,5804,,0,CR9 320
LN,3258,TIP,1157,QUB,5805,,0,CR9
LN,3258,TUN,287,MRA,5804,,0,320
M5,3123,DHB,9540,RCE,8170,Y,0,DHP
M5,3123,DHB,9540,WSX,8173,,0,DHP
M5,3123,FBS,8174,LKE,6457,Y,0,DHP
M5,3123,FBS,8174,RCE,8170,,0,DHP
M5,3123,LKE,6457,FBS,8174,,0,DHP
M5,3123,LKE,6457,SEA,3577,Y,0,DHL
M5,3123,LKE,6457,YWH,4106,Y,0,DHL
M5,3123,LPS,6136,WSX,8173,Y,0,DHP
M5,3123,RCE,8170,DHB,9540,,0,DHP
M5,3123,RCE,8170,FBS,8174,Y,0,DHP
M5,3123,WSX,8173,DHB,9540,Y,0,DHP
M5,3123,WSX,8173,LPS,6136,,0,DHP
M5,3123,YWH,4106,LKE,6457,Y,0,DHL
M6,246,BEL,2526,MEU,,,0,EM2
M6,246,MEU,,BEL,2526,,0,EM2
M6,246,MEU,,ORX,8259,,0,EM2
M6,246,MEU,,STM,4092,,0,EM2
M6,246,STM,4092,MEU,,,0,EM2
M6,246,STM,4092,MTE,,,0,EMB
MH,3378,HYD,,KUL,3304,,0,738
MH,3378,KCH,3263,TGC,6770,Y,0,AT7
MH,3378,KUL,3304,HYD,,,0,738
MH,3378,LBP,5855,MUR,3265,Y,0,DHT
MH,3378,MUR,3265,LBP,5855,Y,0,DHT
MH,3378,TGC,6770,KCH,3263,Y,0,AT7
MI,4750,HYD,,SIN,3316,,0,320 738
MI,4750,SIN,3316,HYD,,,0,738 320
MR,13335,ULN,3380,ULZ,,,0,F50
MR,13335,ULZ,,ULN,3380,,0,F50
MU,1758,FSZ,6476,PVG,3406,,0,738 320
MU,1758,JGS,6428,SHA,3391,Y,0,738
MU,1758,JGS,6428,SZX,3374,,0,320
MU,1758,JGS,6428,XIY,3379,,0,320
MU,1758,KMG,3382,WNH,7528,,0,737
MU,1758,PVG,3406,FSZ,6476,,0,738 320
MU,1758,PVG,3406,TVS,8858,Y,0,738
MU,1758,SHA,3391,JGS,6428,Y,0,738
MU,1758,SZX,3374,JGS,6428,,0,320
MU,1758,TVS,8858,PVG,3406,Y,0,738
MU,1758,WNH,7528,KMG,3382,,0,737
MU,1758,XIY,3379,JGS,6428,,0,320
MY,3498,BZE,1957,CUK,5454,,0,CNC
MY,3498,BZE,1957,DGA,7287,,0,CNC
MY,3498,BZE,1957,TZA,6463,,0,CNC
MY,3498,CUK,5454,BZE,1957,,0,CNC
MY,3498,CUK,5454,SPR,4279,,0,CNC
MY,3498,CZH,7029,ORZ,,,0,CNC
MY,3498,CZH,7029,SPR,4279,,0,CNC
MY,3498,DGA,7287,BZE,1957,,0,CNC
MY,3498,DGA,7287,INB,9757,,0,CNC
MY,3498,DGA,7287,PLJ,7288,,0,CNC
MY,3498,DGA,7287,SVK,9756,,0,CNC
MY,3498,INB,9757,PLJ,7288,,0,CNC
MY,3498,INB,9757,PND,5455,,0,CNC
MY,3498,ORZ,,CZH,7029,,0,CNC
MY,3498,ORZ,,SPR,4279,,0,CNC
MY,3498,PLJ,7288,DGA,7287,,0,CNC
MY,3498,PLJ,7288,INB,9757,,0,CNC
MY,3498,PLJ,7288,PND,5455,,0,CNC
MY,3498,PLJ,7288,SVK,9756,,0,CNC
MY,3498,PND,5455,INB,9757,,0,CNC
MY,3498,SPR,4279,CUK,5454,,0,CNC
MY,3498,SPR,4279,CZH,7029,,0,CNC
MY,3498,SPR,4279,ORZ,,,0,CNC
MY,3498,SPR,4279,TZA,6463,,0,CNC
MY,3498,SVK,9756,DGA,7287,,0,CNC
MY,3498,SVK,9756,INB,9757,,0,CNC
MY,3498,SVK,9756,PLJ,7288,,0,CNC
MY,3498,TZA,6463,BZE,1957,,0,CNC
MY,3498,TZA,6463,DGA,7287,,0,CNC
MY,3498,TZA,6463,SPR,4279,,0,CNC
NH,324,CTS,2287,FSZ,6476,,0,737
NH,324,FSZ,6476,CTS,2287,,0,737
NH,324,FSZ,6476,ICN,3930,Y,0,320
NH,324,FSZ,6476,OKA,2384,,0,737
NH,324,ICN,3930,FSZ,6476,Y,0,320
NH,324,OKA,2384,FSZ,6476,,0,737
NHG,3574,PET,2603,RIG,2611,,0,L4T
NHG,3574,RIG,2611,PET,2603,,0,L4T
NHG,3574,RIG,2611,POA,2599,,0,L4T
NY,896,KUS,4248,RKV,18,,0,DH8
NY,896,RKV,18,KUS,4248,,0,DH8
O4,,ACC,248,KMS,5556,,0,ATR
O4,,ACC,248,NYI,251,,0,ATR
O4,,ACC,248,TKD,252,,0,ATR
O4,,ACC,248,TML,249,,0,ATR
O4,,KMS,5556,ACC,248,,0,ATR
O4,,NYI,251,ACC,248,,0,ATR
O4,,TKD,252,ACC,248,,0,ATR
O4,,TML,249,ACC,248,,0,ATR
OZ,28,FSZ,6476,ICN,3930,,0,321 320
OZ,28,ICN,3930,FSZ,6476,,0,321 320
P0,4066,MNS,,LUN,907,,0,CN2
P0,4066,NLA,910,MNS,,,0,CN2
P1,,CLT,3876,LUK,3681,Y,0,FRJ
P1,,CVG,3488,MMU,7657,,0,FRJ
P1,,LUK,3681,CLT,3876,Y,0,FRJ
P1,,LUK,3681,MDW,3747,Y,0,FRJ
P1,,LUK,3681,MMU,7657,Y,0,FRJ
P1,,MBL,7054,MDW,3747,Y,0,J32
P1,,MDW,3747,LUK,3681,Y,0,FRJ
P1,,MDW,3747,MBL,7054,Y,0,J32
P1,,MMU,7657,CVG,3488,,0,FRJ
P1,,MMU,7657,LUK,3681,Y,0,FRJ
P2,,JRO,1180,WIL,1147,,0,DHT
P2,,LAU,1144,MYD,5694,,0,DH8
P2,,MRE,7424,WIL,1147,,0,DH7 DHT
P2,,MYD,5694,WIL,1147,,0,DH8
P2,,NYK,5695,MRE,7424,,0,CNA
P2,,NYK,5695,UAS,6773,,0,CNA
P2,,UAS,6773,NYK,5695,,0,CNA
P2,,UAS,6773,WIL,1147,,0,CNA
P2,,UKA,7976,WIL,1147,,0,DH8
P2,,WIL,1147,JRO,1180,,0,DHT
P2,,WIL,1147,LAU,1144,,0,DH8
P2,,WIL,1147,MRE,7424,,0,DH7 DHT
P2,,WIL,1147,NYK,5695,,0,CNA
P2,,WIL,1147,UAS,6773,,0,CNA
P2,,WIL,1147,UKA,7976,,0,DH8
P6,,YBC,27,YQB,111,,0,J32
P6,,YBC,27,YWK,161,,0,J32
P6,,YBG,28,YHU,71,,0,J32
P6,,YBG,28,YQB,111,,0,AT4
P6,,YBG,28,YZV,202,,0,J32
P6,,YGR,65,YQB,111,,0,PL2 J32
P6,,YGR,65,YVB,6775,,0,J32 PL2
P6,,YGV,7255,YZV,202,,0,J32
P6,,YHU,71,YBG,28,,0,J32
P6,,YHU,71,YQB,111,,0,J32 PL2
P6,,YHU,71,YVO,153,,0,J32
P6,,YHU,71,YZV,202,,0,J32
P6,,YQB,111,YBC,27,,0,J32
P6,,YQB,111,YGR,65,,0,J32 PL2
P6,,YQB,111,YHU,71,,0,J32 PL2
P6,,YQB,111,YVB,6775,,0,PL2
P6,,YQB,111,YWK,161,,0,AT4
P6,,YQB,111,YYY,192,,0,AT4 J32
P6,,YQB,111,YZV,202,,0,J32
P6,,YUY,149,YVO,153,,0,J32
P6,,YVB,6775,YGR,65,,0,PL2 J32
P6,,YVB,6775,YYY,192,,0,J32 PL2
P6,,YVB,6775,ZBF,5538,,0,J32
P6,,YVO,153,YHU,71,,0,J32
P6,,YVO,153,YUY,149,,0,J32
P6,,YWK,161,YBC,27,,0,J32
P6,,YWK,161,YBG,28,,0,AT4
P6,,YWK,161,YVB,6775,,0,J32
P6,,YWK,161,YZV,202,,0,J32 AT4
P6,,YYY,192,YQB,111,,0,J32 AT4 PL2
P6,,YYY,192,YVB,6775,,0,J32
P6,,YYY,192,YZV,202,,0,AT4
P6,,YZV,202,YBG,28,,0,J32
P6,,YZV,202,YGV,7255,,0,J32
P6,,YZV,202,YHU,71,,0,J32
P6,,YZV,202,YQB,111,,0,J32
P6,,YZV,202,YWK,161,,0,AT4 J32
P6,,YZV,202,YYY,192,,0,AT4
PB,,YAY,24,YBX,5485,,0,SFB
PB,,YAY,24,YYR,188,,0,DH1
PB,,YAY,24,YYT,189,,0,SFB DH1
PB,,YBX,5485,YAY,24,,0,SFB
PB,,YBX,5485,YYR,188,,0,SFB
PB,,YCL,36,YHZ,73,,0,SFB
PB,,YCL,36,YWK,161,,0,SFB
PB,,YDF,45,YYR,188,,0,DH1 SFB
PB,,YDF,45,YYT,189,,0,SFB DH1
PB,,YDP,5488,YNP,,,0,DHT
PB,,YDP,5488,YYR,188,,0,DHT
PB,,YHO,5502,YMN,5492,,0,DHT
PB,,YHO,5502,YNP,,,0,DHT
PB,,YHZ,73,YCL,36,,0,SFB
PB,,YJT,77,YDF,45,,0,SFB
PB,,YKL,80,YWK,161,,0,SFB
PB,,YMN,5492,YHO,5502,,0,DHT
PB,,YMN,5492,YSO,7252,,0,DHT
PB,,YNP,,YDP,5488,,0,DHT
PB,,YNP,,YHO,5502,,0,DHT
PB,,YQB,111,YUL,146,,0,DH1
PB,,YQB,111,YZV,202,,0,DH1
PB,,YSO,7252,YMN,5492,,0,DHT
PB,,YSO,7252,YYR,188,,0,DHT
PB,,YUL,146,YQB,111,,0,DH1
PB,,YUL,146,YWK,161,,0,DH1
PB,,YUL,146,YZV,202,,0,DH1
PB,,YWK,161,YCL,36,,0,SFB
PB,,YWK,161,YKL,80,,0,SFB
PB,,YWK,161,YUL,146,,0,DH1
PB,,YWK,161,YYR,188,,0,DH1
PB,,YWK,161,YZV,202,,0,DH1
PB,,YWK,161,ZUM,5550,,0,DH1
PB,,YYR,188,YAY,24,,0,DH1
PB,,YYR,188,YBX,5485,,0,SFB
PB,,YYR,188,YDF,45,,0,DH1
PB,,YYR,188,YDP,5488,,0,DHT
PB,,YYR,188,YSO,7252,,0,DHT
PB,,YYR,188,YWK,161,,0,DH1
PB,,YYR,188,YYT,189,,0,DH1 SFB
PB,,YYR,188,ZUM,5550,,0,DH1
PB,,YYT,189,YAY,24,,0,SFB DH1
PB,,YYT,189,YDF,45,,0,DH1 SFB
PB,,YYT,189,YJT,77,,0,SFB
PB,,YYT,189,YYR,188,,0,DH1
PB,,YZV,202,YQB,111,,0,DH1
PB,,YZV,202,YUL,146,,0,DH1
PB,,YZV,202,YWK,161,,0,DH1
PB,,ZUM,5550,YWK,161,,0,DH1
PB,,ZUM,5550,YYR,188,,0,DH1
PI,3969,MQJ,,YKS,2923,,0,AN4
PI,3969,NER,,YKS,2923,,0,AN4
PI,3969,SUK,,YKS,2923,,0,AN4
PI,3969,YKS,2923,MQJ,,,0,AN4
PI,3969,YKS,2923,NER,,,0,AN4
PI,3969,YKS,2923,SUK,,,0,AN4
PL,179,NAS,1953,RCY,,,0,ATP
PL,179,NAS,1953,TBI,,,0,ATP
PL,179,RCY,,NAS,1953,,0,ATP
PL,179,TBI,,NAS,1953,,0,ATP
PM,5016,GLN,9823,LPA,1054,,0,AT4
PM,5016,LPA,1054,GLN,9823,,0,AT4
PX,328,BUA,5419,LNV,5979,,0,DH8
PX,328,BUL,,POM,5,,0,DH8
PX,328,LNV,5979,POM,5,,0,DH3 DH8
PX,328,LNV,5979,RAB,5435,,0,DH3
PX,328,POM,5,LNV,5979,,0,DH8 DH3
PX,328,RAB,5435,LNV,5979,,0,DH3 DH8
Q2,13108,FVM,10119,MLE,3156,,0,DH2
Q2,13108,MLE,3156,FVM,10119,,0,DH2
Q5,10,CKX,,TKJ,7235,,0,CNA
Q5,10,TKJ,7235,CKX,,,0,CNA
Q7,20686,ATC,5857,TBI,,,0,SF3
Q7,20686,NAS,1953,TBI,,,0,SF3
Q7,20686,TBI,,ATC,5857,,0,SF3
Q7,20686,TBI,,NAS,1953,,0,SF3
Q9,11838,YIF,6789,ZGS,,,0,BEH
Q9,11838,YNA,94,ZGS,,,0,BEH
Q9,11838,ZGS,,YIF,6789,,0,BEH
Q9,11838,ZGS,,YNA,94,,0,BEH
QB,2541,DXB,2188,GSM,5712,,0,F50
QB,2541,GSM,5712,DXB,2188,,0,F50
QB,2541,GSM,5712,KIH,2109,,0,F50
QB,2541,GSM,5712,SYZ,2157,,0,F50
QB,2541,KIH,2109,GSM,5712,,0,F50
QB,2541,SXI,,SYZ,2157,,0,F50
QB,2541,SYZ,2157,GSM,5712,,0,F50
QB,2541,SYZ,2157,SXI,,,0,F50
QF,4089,BNE,3320,ZBL,,Y,0,DH8 DH3
QF,4089,ZBL,,BNE,3320,Y,0,DH8 DH3
QR,4091,DOH,11051,HYD,,,0,321
QR,4091,HYD,,DOH,11051,,0,321
QV,3233,HOE,,VTE,3120,,0,AT7
QV,3233,VTE,3120,HOE,,,0,AT7
R3,1287,IKT,2937,NER,,,0,DH4
R3,1287,KHV,2927,NER,,,0,DH4
R3,1287,KHV,2927,NGK,,,0,DH4
R3,1287,KHV,2927,OHH,7479,,0,DH4
R3,1287,MQJ,,YKS,2923,,0,A40
R3,1287,NER,,IKT,2937,,0,DH4
R3,1287,NER,,KHV,2927,,0,DH4
R3,1287,NER,,VKO,2988,,0,73W
R3,1287,NER,,YKS,2923,,0,A40
R3,1287,NGK,,KHV,2927,,0,DH4
R3,1287,OHH,7479,KHV,2927,,0,DH4
R3,1287,VKO,2988,NER,,,0,73W
R3,1287,YKS,2923,MQJ,,,0,A40
R3,1287,YKS,2923,NER,,,0,A40
RG,5368,AZI,2180,ZDY,8962,,0,ERJ
RG,5368,ZDY,8962,AZI,2180,,0,ERJ
RJ,4259,AMM,2170,MRA,5804,,0,E95 E75
RJ,4259,AMM,2170,OSM,,,0,E75 E95
RJ,4259,MRA,5804,AMM,2170,,0,E95 E75
RJ,4259,OSM,,AMM,2170,,0,E75 E95
RL,11857,AMM,2170,OSM,,,0,320
RL,11857,OSM,,AMM,2170,,0,320
S2,241,BLR,3131,HYD,,Y,0,AT7
S2,241,BOM,2997,HYD,,Y,0,738 73G 73H
S2,241,DEL,3093,HYD,,Y,0,73W 738
S2,241,HYD,,BLR,3131,Y,0,AT7
S2,241,HYD,,BOM,2997,Y,0,738 73G 73H
S2,241,HYD,,DEL,3093,Y,0,738 73W
S2,241,HYD,,MAA,3144,Y,0,738 AT7
S2,241,HYD,,PNQ,3017,Y,0,AT7
S2,241,HYD,,RJA,3148,Y,0,AT7
S2,241,MAA,3144,HYD,,Y,0,738
S2,241,PNQ,3017,HYD,,Y,0,AT7
S2,241,RJA,3148,HYD,,Y,0,AT7
S5,4822,IMP,2572,BSS,,,0,CNC
SG,4375,AMD,2994,HYD,,,0,737
SG,4375,BLR,3131,HYD,,,0,737 DH8
SG,4375,BOM,2997,HYD,,,0,737
SG,4375,CCU,3043,HYD,,,0,737
SG,4375,CJB,3135,HYD,,,0,DH8
SG,4375,COK,3136,HYD,,,0,737 DH8
SG,4375,DEL,3093,HYD,,,0,737
SG,4375,GOI,3007,HYD,,,0,DH8 737
SG,4375,HYD,,AMD,2994,,0,737
SG,4375,HYD,,BLR,3131,,0,DH8 737
SG,4375,HYD,,BOM,2997,,0,737
SG,4375,HYD,,CCU,3043,,0,737
SG,4375,HYD,,CJB,3135,,0,DH8
SG,4375,HYD,,COK,3136,,0,737 DH8
SG,4375,HYD,,DEL,3093,,0,737
SG,4375,HYD,,GOI,3007,,0,DH8 737
SG,4375,HYD,,IDR,3008,,0,DH8
SG,4375,HYD,,IXM,3142,,0,DH8
SG,4375,HYD,,MAA,3144,,0,DH8 737
SG,4375,HYD,,PNQ,3017,,0,DH8
SG,4375,HYD,,RJA,3148,,0,DH8
SG,4375,HYD,,TIR,3151,,0,DH8
SG,4375,HYD,,VGA,3134,,0,DH8
SG,4375,HYD,,VTZ,3066,,0,737
SG,4375,IDR,3008,HYD,,,0,DH8
SG,4375,IXM,3142,HYD,,,0,DH8
SG,4375,MAA,3144,HYD,,,0,737 DH8
SG,4375,MAA,3144,TCR,9842,,0,DH8
SG,4375,PNQ,3017,HYD,,,0,DH8
SG,4375,RJA,3148,HYD,,,0,DH8
SG,4375,TCR,9842,MAA,3144,,0,DH8
SG,4375,TIR,3151,HYD,,,0,DH8
SG,4375,VGA,3134,HYD,,,0,DH8
SG,4375,VTZ,3066,HYD,,,0,737
SQ,4435,HYD,,SIN,3316,Y,0,320 738
SQ,4435,SIN,3316,HYD,,Y,0,738 320
SV,4533,DMM,2064,HYD,,,0,772
SV,4533,HYD,,DMM,2064,,0,772
SV,4533,HYD,,JED,2072,,0,772
SV,4533,HYD,,RUH,2082,,0,772
SV,4533,JED,2072,WAE,,,0,E70
SV,4533,RUH,2082,HYD,,,0,772
SV,4533,RUH,2082,WAE,,,0,E70
SV,4533,WAE,,JED,2072,,0,E70
SV,4533,WAE,,RUH,2082,,0,E70
T7,4965,MLH,,MRS,1353,,0,BEH
T7,4965,MRS,1353,MLH,,,0,BEH
TG,4940,BKK,3885,HYD,,,0,320
TG,4940,HYD,,BKK,3885,,0,320
TK,4951,ESB,1682,KCO,,Y,0,73W
TK,4951,IST,1701,MRA,5804,,0,319
TK,4951,IST,1701,NOP,,,0,319 320
TK,4951,IST,1701,OSM,,,0,73W
TK,4951,KCO,,ESB,1682,Y,0,73W
TK,4951,MRA,5804,IST,1701,,0,319
TK,4951,NOP,,IST,1701,,0,319 320
TK,4951,OSM,,IST,1701,,0,73W
TR,4936,HYD,,SIN,3316,,0,320
TR,4936,SIN,3316,HYD,,,0,320
TU,4870,MRA,5804,TUN,287,,0,32A 320 319
TU,4870,TUN,287,MRA,5804,,0,32A 320 319
UA,5209,IGM,6132,PGA,4124,Y,0,BE1
UA,5209,LAX,3484,IGM,6132,Y,0,BE1
UL,4349,BTC,,GIU,9229,,0,CNC
UL,4349,DIW,7562,KCT,6169,,0,CNC
UL,4349,GIU,9229,BTC,,,0,CNC
UL,4349,KCT,6169,DIW,7562,,0,CNC
UR,15814,SCW,2989,UTS,,,0,AN4
UR,15814,UTS,,SCW,2989,,0,AN4
V0,1886,CBS,,CCS,2851,,0,ATR
V0,1886,CCS,2851,CBS,,,0,ATR
VN,5309,SGN,3205,THD,9135,,0,321
VN,5309,THD,9135,SGN,3205,,0,321
VT,692,KHZ,,KXU,,,0,ATR
VT,692,KXU,,PPT,4075,,0,ATR
VT,692,PPT,4075,RKA,,,0,ATR
VT,692,RKA,,KHZ,,,0,ATR
W3,20976,ABB,,ABV,260,,0,73G
W3,20976,ABB,,LOS,273,,0,73G
W3,20976,ABV,260,ABB,,,0,73G
W3,20976,ABV,260,GMO,,,0,CR9 DH4
W3,20976,GMO,,ABV,260,,0,CR9 DH4
W3,20976,LOS,273,ABB,,,0,73G
W4,16660,JAU,,LIM,2789,,0,DH8
W4,16660,LIM,2789,JAU,,,0,DH8
W6,5461,BEG,1739,MLH,,,0,320
W6,5461,GSE,691,TZL,,,0,320
W6,5461,MLH,,BEG,1739,,0,320
W6,5461,MLH,,SKP,1737,,0,320
W6,5461,MLH,,TZL,,,0,320
W6,5461,MMX,708,TZL,,,0,320
W6,5461,SKP,1737,MLH,,,0,320
W6,5461,TZL,,GSE,691,,0,320
W6,5461,TZL,,MLH,,,0,320
W6,5461,TZL,,MMX,708,,0,320
WF,5439,BGO,636,FDE,4389,,0,DH1
WF,5439,FDE,4389,BGO,636,,0,DH1
WF,5439,FDE,4389,OSL,644,,0,DH1
WF,5439,FRO,643,FDE,4389,,0,DH1
WF,5439,OSL,644,FDE,4389,,0,DH1
WJ,5399,YDP,5488,YNP,,,0,DHT
WJ,5399,YHO,5502,YNP,,,0,DHT
WJ,5399,YHR,5503,ZGS,,,0,DHT BE1
WJ,5399,YNA,94,ZGS,,,0,DHT
WJ,5399,YNP,,YDP,5488,,0,DHT
WJ,5399,YNP,,YHO,5502,,0,DHT
WJ,5399,YZV,202,ZGS,,,0,BE1
WJ,5399,ZGS,,YHR,5503,,0,DHT BE1
WJ,5399,ZGS,,YNA,94,,0,DHT
WJ,5399,ZGS,,YZV,202,,0,BE1
WJ,5399,ZGS,,ZKG,8217,,0,DHT
WJ,5399,ZKG,8217,ZGS,,,0,DHT
WT,,KEW,8355,YRL,5527,,0,BEH
WT,,KIF,5469,WNN,5466,,0,BEH
WT,,KIF,5469,YXL,169,,0,BEH
WT,,MSA,5544,XBE,5468,,0,BEH
WT,,MSA,5544,YXL,169,,0,BEH
WT,,MSA,5544,ZPB,5546,,0,BEH
WT,,MSA,5544,ZRJ,5547,,0,BEH
WT,,SUR,5464,YXL,169,,0,BEH
WT,,WNN,5466,KIF,5469,,0,BEH
WT,,WNN,5466,SUR,5464,,0,BEH
WT,,WNN,5466,YXL,169,,0,BEH
WT,,XBE,5468,MSA,5544,,0,BEH
WT,,XBE,5468,YAX,5465,,0,BEH
WT,,XBE,5468,YTL,5531,,0,BEH
WT,,XBE,5468,YXL,169,,0,BEH
WT,,XKS,5480,YTL,5531,,0,BEH
WT,,XKS,5480,YXL,169,,0,BEH
WT,,YAC,5478,YXL,169,,0,BEH
WT,,YAC,5478,ZRJ,5547,,0,BEH
WT,,YAX,5465,XBE,5468,,0,BEH
WT,,YAX,5465,YTL,5531,,0,BEH
WT,,YER,5489,YAX,5465,,0,BEH
WT,,YER,5489,YTL,5531,,0,BEH
WT,,YER,5489,YXL,169,,0,BEH
WT,,YFH,5491,YLH,5510,,0,BEH
WT,,YFH,5491,YOG,5470,,0,PL2
WT,,YFH,5491,YQT,121,,0,PL2 BEH
WT,,YHP,5471,YNO,5467,,0,BEH
WT,,YHP,5471,YRL,5527,,0,PL2 BEH
WT,,YLH,5510,YFH,5491,,0,BEH PL2
WT,,YLH,5510,YWP,5533,,0,BEH
WT,,YNO,5467,YHP,5471,,0,PL2 BEH
WT,,YNO,5467,YRL,5527,,0,BEH
WT,,YOG,5470,YFH,5491,,0,PL2
WT,,YPL,105,YQT,121,,0,PL2
WT,,YPM,5521,YHP,5471,,0,BEH
WT,,YPM,5521,YNO,5467,,0,PL2 BEH
WT,,YPM,5521,YRL,5527,,0,PL2
WT,,YPM,5521,YVZ,5532,,0,BEH
WT,,YPM,5521,YXL,169,,0,BEH
WT,,YQT,121,YFH,5491,,0,BEH PL2
WT,,YQT,121,YWP,5533,,0,BEH PL2
WT,,YQT,121,YXL,169,,0,BEH
WT,,YRL,5527,YPM,5521,,0,BEH PL2
WT,,YRL,5527,YVZ,5532,,0,BEH
WT,,YRL,5527,YXL,169,,0,BEH PL2
WT,,YRL,5527,ZSJ,5548,,0,PL2
WT,,YTL,5531,XBE,5468,,0,BEH
WT,,YTL,5531,XKS,5480,,0,BEH
WT,,YTL,5531,YER,5489,,0,BEH
WT,,YTL,5531,YXL,169,,0,BEH
WT,,YVZ,5532,ZSJ,5548,,0,BEH
WT,,YWP,5533,YLH,5510,,0,BEH PL2
WT,,YWP,5533,YPL,105,,0,BEH
WT,,YXL,169,KIF,5469,,0,BEH
WT,,YXL,169,MSA,5544,,0,BEH
WT,,YXL,169,WNN,5466,,0,BEH
WT,,YXL,169,XBE,5468,,0,BEH
WT,,YXL,169,XKS,5480,,0,BEH
WT,,YXL,169,YAC,5478,,0,BEH
WT,,YXL,169,YAX,5465,,0,BEH
WT,,YXL,169,YER,5489,,0,BEH
WT,,YXL,169,YQT,121,,0,BEH DH1
WT,,YXL,169,YRL,5527,,0,BEH PL2
WT,,YXL,169,YTL,5531,,0,BEH
WT,,YXL,169,ZPB,5546,,0,BEH
WT,,YXL,169,ZRJ,5547,,0,BEH
WT,,YXL,169,ZSJ,5548,,0,BEH PL2
WT,,ZPB,5546,MSA,5544,,0,BEH
WT,,ZPB,5546,YXL,169,,0,BEH
WT,,ZRJ,5547,MSA,5544,,0,BEH
WT,,ZRJ,5547,YAC,5478,,0,BEH
WT,,ZSJ,5548,KEW,8355,,0,BEH
WT,,ZSJ,5548,YPM,5521,,0,PL2
WT,,ZSJ,5548,YRL,5527,,0,PL2 BEH
WY,3778,HYD,,MCT,2194,,0,738
WY,3778,MCT,2194,HYD,,,0,738
X4,,EXI,7141,JNU,3492,,0,PA1
X4,,JNU,3492,EXI,7141,,0,PA1
X4,,JNU,3492,KAE,7243,,0,CNC PA2
X4,,KAE,7243,JNU,3492,,0,CNC PA2
XU,,ADE,3977,BBO,1122,,0,EM2
XU,,BBO,1122,ADE,3977,,0,EM2
XU,,BBO,1122,BSA,5686,,0,EM2
XU,,BBO,1122,DXB,2188,,0,M82
XU,,BBO,1122,MGQ,5687,,0,M82
XU,,BBO,1122,SHJ,2191,,0,M82
XU,,BSA,5686,BBO,1122,,0,EM2
XU,,BSA,5686,GLK,5688,,0,EM2
XU,,DXB,2188,BBO,1122,,0,M82
XU,,DXB,2188,HGA,1121,,0,M82
XU,,EBB,1187,NBO,4059,,0,M82
XU,,GLK,5688,BSA,5686,,0,EM2
XU,,GLK,5688,MGQ,5687,,0,EM2
XU,,GLK,5688,WJR,1149,,0,EM2
XU,,HGA,1121,BBO,1122,,0,M82
XU,,HGA,1121,WJR,1149,,0,EM2
XU,,MGQ,5687,BBO,1122,,0,M82
XU,,MGQ,5687,GLK,5688,,0,EM2
XU,,MGQ,5687,HGA,1121,,0,M82
XU,,MGQ,5687,WJR,1149,,0,M82 DC9
XU,,NBO,4059,EBB,1187,,0,M82
XU,,NBO,4059,GLK,5688,,0,EM2
XU,,NBO,4059,HGA,1121,,0,EM2
XU,,NBO,4059,MGQ,5687,,0,M82 DC9
XU,,SHJ,2191,HGA,1121,,0,M82
XU,,WJR,1149,NBO,4059,,0,M82 EM2 DC9
Y7,13088,KJA,4374,TGP,,,0,AT5
Y7,13088,KJA,4374,THX,,,0,AT5
Y7,13088,TGP,,KJA,4374,,0,AT5
Y7,13088,THX,,KJA,4374,,0,AT5
Y9,3148,DXB,2188,GSM,5712,,0,F50 M80
Y9,3148,GSM,5712,DXB,2188,,0,F50
YJ,,HEH,3213,MDL,3222,,0,AT7
YJ,,HEH,3213,RGN,3239,,0,AT7
YJ,,MDL,3222,HEH,3213,,0,AT7
YJ,,MDL,3222,MYT,3224,,0,AT7
YJ,,MDL,3222,NYU,3209,,0,AT7
YJ,,MDL,3222,RGN,3239,,0,AT7
YJ,,MDL,3222,THL,3237,,0,AT7
YJ,,MYT,3224,MDL,3222,,0,AT7
YJ,,NYU,3209,MDL,3222,,0,AT7
YJ,,NYU,3209,RGN,3239,,0,AT7
YJ,,RGN,3239,HEH,3213,,0,AT7
YJ,,RGN,3239,MDL,3222,,0,AT7
YJ,,RGN,3239,NYU,3209,,0,AT7
YJ,,THL,3237,HEH,3213,,0,AT7
YN,,YAT,5482,YPO,5522,,0,DH1
YN,,YAT,5482,ZKE,5543,,0,DH1
YN,,YFA,5490,YMO,91,,0,DH1
YN,,YFA,5490,ZKE,5543,,0,DH1
YN,,YGW,5496,YKU,5472,,0,DH8
YN,,YKQ,5507,YKU,5472,,0,DH8
YN,,YKQ,5507,YMO,91,,0,BEC
YN,,YKQ,5507,YMT,5514,,0,DH8
YN,,YKQ,5507,YNS,5501,,0,DH8
YN,,YKQ,5507,YVO,153,,0,DH8
YN,,YKQ,5507,ZEM,5539,,0,DH8
YN,,YKU,5472,YGW,5496,,0,DH8
YN,,YKU,5472,YKQ,5507,,0,DH8
YN,,YKU,5472,YNC,5516,,0,DH8
YN,,YKU,5472,YVO,153,,0,BET
YN,,YMO,91,YFA,5490,,0,DH1
YN,,YMO,91,YKQ,5507,,0,BEC
YN,,YMO,91,YTS,143,,0,BEC DH1 EMB
YN,,YMT,5514,YKQ,5507,,0,DH8
YN,,YMT,5514,YNS,5501,,0,DH8
YN,,YMT,5514,YUL,146,,0,DH8
YN,,YNC,5516,YKU,5472,,0,DH8
YN,,YNC,5516,ZEM,5539,,0,DH8
YN,,YNS,5501,YKQ,5507,,0,DH8
YN,,YNS,5501,YMT,5514,,0,DH8
YN,,YPO,5522,YAT,5482,,0,DH1
YN,,YTS,143,YMO,91,,0,DH1 BEC
YN,,YUL,146,YMT,5514,,0,DH8
YN,,YUL,146,YVO,153,,0,DH8
YN,,YVO,153,YKQ,5507,,0,DH8
YN,,YVO,153,YKU,5472,,0,BET
YN,,YVO,153,YUL,146,,0,DH8
YN,,ZEM,5539,YKQ,5507,,0,DH8
YN,,ZEM,5539,YNC,5516,,0,DH8
YN,,ZKE,5543,YAT,5482,,0,DH1
YN,,ZKE,5543,YFA,5490,,0,DH1
YO,16150,MCM,4264,NCE,1354,,0,NDE
YO,16150,NCE,1354,MCM,4264,,0,NDE
YT,16133,JKR,,KTM,3125,,0,J41
YT,16133,KTM,3125,JKR,,,0,J41
Z3,1266,CGA,7144,KLW,7205,,0,DHP
Z3,1266,CGA,7144,KTN,3808,,0,DHP
Z3,1266,HYL,7145,KTB,7147,,0,DHP
Z3,1266,HYL,7145,KTN,3808,,0,DHP
Z3,1266,KLW,7205,CGA,7144,,0,DHP
Z3,1266,KTB,7147,HYL,7145,,0,DHP
Z3,1266,KTN,3808,CGA,7144,,0,DHP
Z3,1266,KTN,3808,HYL,7145,,0,DHP
Z3,1266,KTN,3808,KWF,,,0,DHP
Z3,1266,KWF,,KTN,3808,,0,DHP
Z8,603,ORU,,CBB,2759,,0,SWM
Z8,603,ORU,,SRZ,4247,,0,SWM
Z8,603,SRZ,4247,ORU,,,0,SWM
ZD,,DAR,1177,DZA,915,,0,AT7
ZD,,DZA,915,DAR,1177,,0,AT7
ZD,,DZA,915,HAH,912,,0,AT7
ZD,,DZA,915,MJN,929,,0,AT7
ZD,,DZA,915,NOS,930,,0,AT7
ZD,,HAH,912,DZA,915,,0,AT7
ZD,,MJN,929,DZA,915,,0,AT7
ZD,,NOS,930,DZA,915,,0,AT7
ZH,4611,CAN,3370,NTG,5475,,0,320
ZH,4611,CKG,3393,NTG,5475,,0,738
ZH,4611,DLC,3404,NTG,5475,,0,738
ZH,4611,JGS,6428,PEK,3364,Y,0,737
ZH,4611,NTG,5475,CAN,3370,,0,320
ZH,4611,NTG,5475,CKG,3393,,0,738
ZH,4611,NTG,5475,DLC,3404,,0,738
ZH,4611,NTG,5475,PEK,3364,Y,0,737
ZH,4611,NTG,5475,SHE,4144,,0,738
ZH,4611,NTG,5475,SZX,3374,,0,738
ZH,4611,NTG,5475,TSN,3368,,0,320
ZH,4611,NTG,5475,XMN,3383,,0,738
ZH,4611,PEK,3364,JGS,6428,Y,0,737
ZH,4611,PEK,3364,NTG,5475,Y,0,737
ZH,4611,SHE,4144,NTG,5475,,0,738
ZH,4611,SZX,3374,NTG,5475,,0,738
ZH,4611,TSN,3368,NTG,5475,,0,320
ZH,4611,XMN,3383,NTG,5475,,0,738
ZI,21,ALG,210,MLH,,,0,320
ZI,21,CZL,221,MLH,,,0,320
ZI,21,MLH,,ALG,210,,0,320
ZI,21,MLH,,CZL,221,,0,320
ZI,21,MLH,,ORN,231,,0,319
ZI,21,MLH,,QSF,6492,,0,320
ZI,21,ORN,231,MLH,,,0,319
ZI,21,QSF,6492,MLH,,,0,320
ZK,2607,DEN,3751,EAR,6129,,0,EM2
ZK,2607,EAR,6129,DEN,3751,,0,EM2
ZK,2607,IGM,6132,LAX,3484,,0,BE1
ZK,2607,IGM,6132,PGA,4124,,0,BE1
ZK,2607,LAX,3484,IGM,6132,,0,BE1
ZK,2607,PGA,4124,IGM,6132,,0,BE1
ZK,2607,PHX,3462,SVC,6135,,0,BE1
ZK,2607,SVC,6135,PHX,3462,,0,BE1
